ANIO;MES;CONSUMO_TOTAL_KWH
2023;1;5471722.976499999
2023;2;5055593.245
2023;3;5486270.236400001
