ANIO;MES;CONSUMO_TOTAL_KWH;CONSUMO_KWH
2022;1;4363.85;
2022;11;4702.0;
2022;12;4249.935;
2023;1;2422.465;
2023;2;2731.31;
2023;3;3306.475;
2023;4;3734.155;
2023;5;3910.89;
2023;6;5402.929999999999;
2023;7;4649.485;
2023;8;4726.1900000000005;
2023;9;4439.775000000001;
2023;10;4707.44;
2023;11;4095.22;
2023;12;4337.13;
2024;2;3985.585;
2024;3;4436.9;
2024;4;3908.4912;
2024;5;0.0;
2025;2;4221.565;
2025;3;4592.41;
