ANIO;MES;CONSUMO_TOTAL_KWH;CONSUMO_KWH
2022;1;2330823.5283;
2022;11;2242242.0;
2022;12;2199746.7996;
2023;1;2218667.2149;
2023;2;2068171.9093;
2023;3;2247881.7882000003;
2023;4;2187383.5301;
2023;5;2326587.5025;
2023;6;2163349.9044000003;
2023;7;2306485.0883;
2023;8;2320288.9544;
2023;9;2238331.2752;
2023;10;2333962.9108;
2023;11;2284876.0316000003;
2023;12;2308008.7944;
2024;2;2190270.958;
2024;3;2378082.3283;
2024;4;2400039.7115;
2024;5;175428.68;
2025;2;2244076.1411;
2025;3;2400879.2977;
